{
  "death": {
    "threshold": 0.1,
    "auroc": 0.9146636814000675,
    "auprc": 0.2730288876764888,
    "f1": 0.05877275959925153,
    "precision": 0.030296558891783766,
    "recall": 0.9781659388646288,
    "specificity": 0.5076488245297306,
    "tp": 8512,
    "fp": 272444,
    "fn": 190,
    "tn": 280909
  },
  "vent": {
    "threshold": 0.1,
    "auroc": 0.7703522437117254,
    "auprc": 0.08070808568287575,
    "f1": 0.023897893793504193,
    "precision": 0.012098812493266928,
    "recall": 0.9646514701024116,
    "specificity": 0.14235406051427965,
    "tp": 5840,
    "fp": 476852,
    "fn": 214,
    "tn": 79149
  },
  "pressor": {
    "threshold": 0.1,
    "auroc": 0.7987468784642215,
    "auprc": 0.04992218558357443,
    "f1": 0.023580400789925217,
    "precision": 0.011932553529594863,
    "recall": 0.9882971506105834,
    "specificity": 0.1324405430821042,
    "tp": 5827,
    "fp": 482501,
    "fn": 69,
    "tn": 73658
  },
  "composite": {
    "threshold": 0.15,
    "auroc": 0.7791700917328788,
    "auprc": 0.2193194884784396,
    "f1": 0.08724444838486133,
    "precision": 0.0456310826617406,
    "recall": 0.9908758374090666,
    "specificity": 0.062275442420275086,
    "tp": 24109,
    "fp": 504237,
    "fn": 222,
    "tn": 33487
  }
}