{
  "death": [
    {
      "threshold": 0.01,
      "precision": 0.01590622466032248,
      "recall": 0.9986210066651344,
      "f1": 0.031313679105055774,
      "specificity": 0.028401400191198023,
      "tp": 